SeqOrder, Step, sourceID, timediff, step_duration, true_proportion       , predicted_proportion
       0,    0,       11,        0,           0.0, 0.0                   , 0.03898966684937477
       0,    1,        4,        4,           4.0, 0.01179941002946372   , 0.03898864611983299
       0,    2,        5,       13,           9.0, 0.02654867256629337   , 0.038988709449768066
       0,    3,        5,       14,           1.0, 0.00294985250736593   , 0.03898870199918747
       0,    4,        5,       28,          14.0, 0.04129793510312302   , 0.03898870199918747
       0,    5,        0,       28,           0.0, 0.0                   , 0.03898844122886658
       0,    6,        1,       36,           8.0, 0.02359882005892744   , 0.03898847848176956
       0,    7,        1,       45,           9.0, 0.02654867256629337   , 0.03898848593235016
       0,    8,        1,      106,          61.0, 0.17994100294932172   , 0.038988515734672546
       0,    9,        5,      140,          34.0, 0.10029498525044162   , 0.03898872062563896
       0,   10,        1,      195,          55.0, 0.16224188790512614   , 0.038988515734672546
       0,   11,        4,      269,          74.0, 0.2182890855450788    , 0.04026099294424057
       0,   12,        5,      270,           1.0, 0.00294985250736593   , 0.04089362546801567
       0,   13,        5,      276,           6.0, 0.01769911504419558   , 0.041259899735450745
       0,   14,        4,      276,           0.0, 0.0                   , 0.038988806307315826
       0,   15,        5,      278,           2.0, 0.00589970501473186   , 0.03898894414305687
       0,   16,        0,      279,           1.0, 0.00294985250736593   , 0.03898856043815613
       0,   17,        8,      279,           0.0, 0.0                   , 0.03898918628692627
       0,   18,        4,      279,           0.0, 0.0                   , 0.03898882120847702
       0,   19,        5,      285,           6.0, 0.01769911504419558   , 0.03898888826370239
       0,   20,        0,      315,          30.0, 0.0884955752209779    , 0.038988471031188965
       0,   21,        0,      315,           0.0, 0.0                   , 0.03898845985531807
       0,   22,        9,      315,           0.0, 0.0                   , 0.03898913040757179
       0,   23,        0,      321,           6.0, 0.01769911504419558   , 0.0389883778989315
       0,   24,       10,      339,          18.0, 0.05309734513258674   , 0.03898913785815239
       1,    0,       11,        0,           0.0, 0.0                   , 0.06042641028761864
       1,    1,        4,       34,          34.0, 0.09883720930203826   , 0.060425154864788055
       1,    2,        5,       45,          11.0, 0.03197674418595356   , 0.06042524054646492
       1,    3,        5,       56,          11.0, 0.03197674418595356   , 0.06042524054646492
       1,    4,        0,       56,           0.0, 0.0                   , 0.06042492389678955
       1,    5,        1,       69,          13.0, 0.037790697674308746  , 0.06042492389678955
       1,    6,        1,       71,           2.0, 0.005813953488355192  , 0.06042495369911194
       1,    7,        5,      190,         119.0, 0.34593023255713395   , 0.06042521446943283
       1,    8,        1,      204,          14.0, 0.040697674418486346  , 0.060424983501434326
       1,    9,        4,      277,          73.0, 0.21220930232496452   , 0.00041208392940461636
       1,   10,        5,      283,           6.0, 0.017441860465065576  , 0.00041208392940461636
       1,   11,        0,      285,           2.0, 0.005813953488355192  , 0.0006495981942862272
       1,   12,        8,      285,           0.0, 0.0                   , 0.0004120823577977717
       1,   13,        4,      285,           0.0, 0.0                   , 0.060425616800785065
       1,   14,        5,      291,           6.0, 0.017441860465065576  , 0.060425832867622375
       1,   15,        0,      322,          31.0, 0.09011627906950548   , 0.060425300151109695
       1,   16,        0,      323,           1.0, 0.002906976744177596  , 0.06042532995343208
       1,   17,        9,      323,           0.0, 0.0                   , 0.060426436364650726
       1,   18,        0,      326,           3.0, 0.008720930232532788  , 0.06042527034878731
       1,   19,       10,      344,          18.0, 0.05232558139519673   , 0.06042648106813431
       2,    0,       11,        0,           0.0, 0.0                   , 0.0332300066947937
       2,    1,        4,        7,           7.0, 0.010115606936401567  , 0.033239562064409256
       2,    2,        5,       18,          11.0, 0.01589595375720246   , 0.03323959559202194
       2,    3,        5,       30,          12.0, 0.017341040462402688  , 0.03323960304260254
       2,    4,        0,       30,           0.0, 0.0                   , 0.03323943540453911
       2,    5,        1,       39,           9.0, 0.013005780346802016  , 0.0332394503057003
       2,    6,        1,       44,           5.0, 0.007225433526001119  , 0.033239442855119705
       2,    7,        1,      366,         322.0, 0.46531791907447206   , 0.0332394503057003
       2,    8,        5,      445,          79.0, 0.11416184971081769   , 0.03323961794376373
       2,    9,        5,      446,           1.0, 0.001445086705200224  , 0.03323961794376373
       2,   10,        1,      556,         110.0, 0.15895953757202463   , 0.033239468932151794
       2,   11,        4,      578,          22.0, 0.03179190751440492   , 0.011280722916126251
       2,   12,        5,      581,           3.0, 0.004335260115600672  , 0.011280733160674572
       2,   13,        4,      605,          24.0, 0.034682080924805375  , 0.032857418060302734
       2,   14,        5,      609,           4.0, 0.005780346820800896  , 0.032859642058610916
       2,   15,        4,      609,           0.0, 0.0                   , 0.03321864828467369
       2,   16,        5,      611,           2.0, 0.002890173410400448  , 0.03321877494454384
       2,   17,        4,      611,           0.0, 0.0                   , 0.03322431817650795
       2,   18,        5,      613,           2.0, 0.002890173410400448  , 0.03322436660528183
       2,   19,        4,      613,           0.0, 0.0                   , 0.03322147578001022
       2,   20,        5,      616,           3.0, 0.004335260115600672  , 0.033221546560525894
       2,   21,        0,      624,           8.0, 0.011560693641601791  , 0.0332210473716259
       2,   22,        8,      624,           0.0, 0.0                   , 0.0332217812538147
       2,   23,        4,      624,           0.0, 0.0                   , 0.03322252631187439
       2,   24,        5,      630,           6.0, 0.008670520231201344  , 0.03322257474064827
       2,   25,        0,      668,          38.0, 0.05491329479760851   , 0.03322213143110275
       2,   26,        0,      669,           1.0, 0.001445086705200224  , 0.03322219476103783
       2,   27,        9,      669,           0.0, 0.0                   , 0.03322311490774155
       2,   28,        0,      673,           4.0, 0.005780346820800896  , 0.03322235494852066
       2,   29,        2,      692,          19.0, 0.027456647398804254  , 0.03322254493832588
       2,   30,       10,      692,           0.0, 0.0                   , 0.03322327882051468
       3,    0,       11,        0,           0.0, 0.0                   , 0.04233512282371521
       3,    1,        4,       22,          22.0, 0.06984126984104813   , 0.04233404994010925
       3,    2,        5,       31,           9.0, 0.02857142857133787   , 0.042334090918302536
       3,    3,        5,       58,          27.0, 0.08571428571401361   , 0.04233411327004433
       3,    4,        0,       58,           0.0, 0.0                   , 0.04233380779623985
       3,    5,        1,       63,           5.0, 0.015873015872965482  , 0.04233385995030403
       3,    6,        5,      233,         170.0, 0.5396825396808265    , 0.04233407974243164
       3,    7,        1,      245,          12.0, 0.03809523809511716   , 0.04233388975262642
       3,    8,        0,      245,           0.0, 0.0                   , 0.04233381897211075
       3,    9,        4,      246,           1.0, 0.0031746031745930967 , 0.0438477024435997
       3,   10,        5,      249,           3.0, 0.00952380952377929   , 0.04335308447480202
       3,   11,        0,      250,           1.0, 0.0031746031745930967 , 0.04007549211382866
       3,   12,        8,      250,           0.0, 0.0                   , 0.046581607311964035
       3,   13,        4,      250,           0.0, 0.0                   , 0.04233540594577789
       3,   14,        5,      256,           6.0, 0.01904761904755858   , 0.042336080223321915
       3,   15,        0,      294,          38.0, 0.12063492063453767   , 0.04233444482088089
       3,   16,        0,      294,           0.0, 0.0                   , 0.04233454912900925
       3,   17,        0,      295,           1.0, 0.0031746031745930967 , 0.042334504425525665
       3,   18,        9,      295,           0.0, 0.0                   , 0.04233778640627861
       3,   19,        0,      299,           4.0, 0.012698412698372387  , 0.04233424365520477
       3,   20,        4,      300,           1.0, 0.0031746031745930967 , 0.042334213852882385
       3,   21,        5,      301,           1.0, 0.0031746031745930967 , 0.04233427345752716
       3,   22,       10,      315,          14.0, 0.04444444444430335   , 0.04233461618423462
       4,    0,       11,        0,           0.0, 0.0                   , 0.03382575511932373
       4,    1,        4,        4,           4.0, 0.014388489208581337  , 0.033825285732746124
       4,    2,        5,       12,           8.0, 0.028776978417162674  , 0.0338253490626812
       4,    3,        1,       23,          11.0, 0.03956834532359867   , 0.03382512554526329
       4,    4,        5,       30,           7.0, 0.02517985611501734   , 0.033825356513261795
       4,    5,        0,       30,           0.0, 0.0                   , 0.033825043588876724
       4,    6,        5,      149,         119.0, 0.42805755395529477   , 0.033825334161520004
       4,    7,        4,      150,           1.0, 0.0035971223021453343 , 0.03445931151509285
       4,    8,        5,      150,           0.0, 0.0                   , 0.034739527851343155
       4,    9,        1,      170,          20.0, 0.07194244604290669   , 0.03393908962607384
       4,   10,        0,      170,           0.0, 0.0                   , 0.03369392082095146
       4,   11,        4,      171,           1.0, 0.0035971223021453343 , 0.034680213779211044
       4,   12,        5,      174,           3.0, 0.010791366906436003  , 0.03495428338646889
       4,   13,        4,      174,           0.0, 0.0                   , 0.03382594883441925
       4,   14,        5,      176,           2.0, 0.0071942446042906685 , 0.03382636606693268
       4,   15,        4,      181,           5.0, 0.01798561151072667   , 0.0338263101875782
       4,   16,        5,      183,           2.0, 0.0071942446042906685 , 0.03382665663957596
       4,   17,        0,      184,           1.0, 0.0035971223021453343 , 0.033825311809778214
       4,   18,        8,      184,           0.0, 0.0                   , 0.03382730111479759
       4,   19,        4,      184,           0.0, 0.0                   , 0.033826254308223724
       4,   20,        5,      190,           6.0, 0.021582733812872006  , 0.03382650390267372
       4,   21,        0,      252,          62.0, 0.22302158273301073   , 0.033825021237134933
       4,   22,        0,      252,           0.0, 0.0                   , 0.033824898302555084
       4,   23,        0,      253,           1.0, 0.0035971223021453343 , 0.03382473066449165
       4,   24,        9,      253,           0.0, 0.0                   , 0.033827148377895355
       4,   25,        0,      263,          10.0, 0.03597122302145334   , 0.03382464125752449
       4,   26,        4,      264,           1.0, 0.0035971223021453343 , 0.03382531926035881
       4,   27,        5,      266,           2.0, 0.0071942446042906685 , 0.033825431019067764
       4,   28,       10,      278,          12.0, 0.04316546762574401   , 0.033825770020484924
       5,    0,       11,        0,           0.0, 0.0                   , 0.05874387174844742
       5,    1,        4,        8,           8.0, 0.029962546816367182  , 0.05874325707554817
       5,    2,        5,       15,           7.0, 0.026217228464321285  , 0.05874338001012802
       5,    3,        1,       37,          22.0, 0.08239700374500976   , 0.0587429478764534
       5,    4,        5,       44,           7.0, 0.026217228464321285  , 0.05874335393309593
       5,    5,        0,       44,           0.0, 0.0                   , 0.05874282121658325
       5,    6,        0,      160,         116.0, 0.4344569288373242    , 0.05874279513955116
       5,    7,        0,      161,           1.0, 0.0037453183520458977 , 0.05874280631542206
       5,    8,        9,      161,           0.0, 0.0                   , 0.058743786066770554
       5,    9,        4,      220,          59.0, 0.22097378277070798   , 0.019928308203816414
       5,   10,        5,      221,           1.0, 0.0037453183520458977 , 0.019928308203816414
       5,   11,        5,      232,          11.0, 0.04119850187250488   , 0.019928261637687683
       5,   12,        4,      232,           0.0, 0.0                   , 0.03142758086323738
       5,   13,        5,      233,           1.0, 0.0037453183520458977 , 0.03173311427235603
       5,   14,        4,      233,           0.0, 0.0                   , 0.023321034386754036
       5,   15,        5,      239,           6.0, 0.022471910112275388  , 0.021676236763596535
       5,   16,        0,      240,           1.0, 0.0037453183520458977 , 0.021144432947039604
       5,   17,        8,      240,           0.0, 0.0                   , 0.017156949266791344
       5,   18,        4,      240,           0.0, 0.0                   , 0.05873662978410721
       5,   19,        5,      246,           6.0, 0.022471910112275388  , 0.058736756443977356
       5,   20,        0,      253,           7.0, 0.026217228464321285  , 0.05873590335249901
       5,   21,       10,      267,          14.0, 0.05243445692864257   , 0.05873749777674675
       6,    0,       11,        0,           0.0, 0.0                   , 0.047194235026836395
       6,    1,        4,        7,           7.0, 0.03317535545007974   , 0.047195516526699066
       6,    2,        5,       17,          10.0, 0.047393364928685344  , 0.04719558358192444
       6,    3,        5,       39,          22.0, 0.10426540284310776   , 0.04719557240605354
       6,    4,        0,       39,           0.0, 0.0                   , 0.047195278108119965
       6,    5,        5,      123,          84.0, 0.3981042654009569    , 0.04719553887844086
       6,    6,        1,      133,          10.0, 0.047393364928685344  , 0.047195300459861755
       6,    7,        0,      134,           1.0, 0.004739336492868534  , 0.04719528928399086
       6,    8,        4,      137,           3.0, 0.014218009478605603  , 0.015984855592250824
       6,    9,        5,      139,           2.0, 0.009478672985737069  , 0.01598488725721836
       6,   10,        4,      145,           6.0, 0.028436018957211207  , 0.0471830740571022
       6,   11,        5,      146,           1.0, 0.004739336492868534  , 0.04718340188264847
       6,   12,        0,      147,           1.0, 0.004739336492868534  , 0.04718094691634178
       6,   13,        8,      147,           0.0, 0.0                   , 0.04718504101037979
       6,   14,        4,      147,           0.0, 0.0                   , 0.04718540981411934
       6,   15,        5,      153,           6.0, 0.028436018957211207  , 0.047186098992824554
       6,   16,        0,      191,          38.0, 0.1800947867290043    , 0.04718412831425667
       6,   17,        0,      191,           0.0, 0.0                   , 0.047184064984321594
       6,   18,        9,      191,           0.0, 0.0                   , 0.0471876859664917
       6,   19,        0,      195,           4.0, 0.018957345971474138  , 0.0471838153898716
       6,   20,        2,      211,          16.0, 0.07582938388589655   , 0.04718456789851189
       6,   21,       10,      211,           0.0, 0.0                   , 0.04718780890107155
       7,    0,       11,        0,           0.0, 0.0                   , 0.029261566698551178
       7,    1,        4,        4,           4.0, 0.02298850574699432   , 0.029258139431476593
       7,    2,        5,       11,           7.0, 0.04022988505724006   , 0.029258182272315025
       7,    3,        1,       21,          10.0, 0.0574712643674858    , 0.029257986694574356
       7,    4,        5,       28,           7.0, 0.04022988505724006   , 0.029258182272315025
       7,    5,        0,       28,           0.0, 0.0                   , 0.029257915914058685
       7,    6,        4,       69,          41.0, 0.23563218390669177   , 0.03068927675485611
       7,    7,        5,       70,           1.0, 0.00574712643674858   , 0.03097366914153099
       7,    8,        5,       80,          10.0, 0.0574712643674858    , 0.03099014237523079
       7,    9,        5,       81,           1.0, 0.00574712643674858   , 0.03082418069243431
       7,   10,        1,      100,          19.0, 0.10919540229822303   , 0.029937084764242172
       7,   11,        0,      100,           0.0, 0.0                   , 0.029738549143075943
       7,   12,        4,      101,           1.0, 0.00574712643674858   , 0.01986800879240036
       7,   13,        5,      106,           5.0, 0.0287356321837429    , 0.02362525649368763
       7,   14,        4,      106,           0.0, 0.0                   , 0.029258929193019867
       7,   15,        5,      108,           2.0, 0.01149425287349716   , 0.02925916388630867
       7,   16,        0,      109,           1.0, 0.00574712643674858   , 0.02925850823521614
       7,   17,        8,      109,           0.0, 0.0                   , 0.0292595773935318
       7,   18,        4,      109,           0.0, 0.0                   , 0.02925901859998703
       7,   19,        5,      115,           6.0, 0.03448275862049148   , 0.029259132221341133
       7,   20,        0,      139,          24.0, 0.13793103448196592   , 0.02925839088857174
       7,   21,        0,      139,           0.0, 0.0                   , 0.0292583629488945
       7,   22,        0,      140,           1.0, 0.00574712643674858   , 0.02925829216837883
       7,   23,        9,      140,           0.0, 0.0                   , 0.02925947867333889
       7,   24,        0,      144,           4.0, 0.02298850574699432   , 0.029258161783218384
       7,   25,        4,      146,           2.0, 0.01149425287349716   , 0.029258055612444878
       7,   26,        0,      148,           2.0, 0.01149425287349716   , 0.02925790287554264
       7,   27,        5,      148,           0.0, 0.0                   , 0.02925816737115383
       7,   28,        4,      153,           5.0, 0.0287356321837429    , 0.029258238151669502
       7,   29,        5,      155,           2.0, 0.01149425287349716   , 0.029258307069540024
       7,   30,        0,      156,           1.0, 0.00574712643674858   , 0.02925804816186428
       7,   31,        0,      160,           4.0, 0.02298850574699432   , 0.029258040711283684
       7,   32,        2,      174,          14.0, 0.08045977011448012   , 0.029258161783218384
       7,   33,       10,      174,           0.0, 0.0                   , 0.029258614405989647
       8,    0,       11,        0,           0.0, 0.0                   , 0.03619494289159775
       8,    1,        4,        7,           7.0, 0.029661016949026862  , 0.03619445115327835
       8,    2,        5,       15,           8.0, 0.03389830508460213   , 0.03619452193379402
       8,    3,        1,       19,           4.0, 0.016949152542301064  , 0.03619427978992462
       8,    4,        5,       27,           8.0, 0.03389830508460213   , 0.036194510757923126
       8,    5,        0,       27,           0.0, 0.0                   , 0.036194201558828354
       8,    6,        1,       54,          27.0, 0.11440677966053218   , 0.036194246262311935
       8,    7,        0,       54,           0.0, 0.0                   , 0.036194201558828354
       8,    8,        4,      124,          70.0, 0.29661016949026864   , 0.03702322393655777
       8,    9,        5,      125,           1.0, 0.004237288135575266  , 0.03737731650471687
       8,   10,        5,      136,          11.0, 0.04661016949132792   , 0.03730827197432518
       8,   11,        1,      138,           2.0, 0.008474576271150532  , 0.03595338389277458
       8,   12,        0,      138,           0.0, 0.0                   , 0.03562794625759125
       8,   13,        4,      157,          19.0, 0.08050847457593005   , 0.03717828541994095
       8,   14,        5,      162,           5.0, 0.02118644067787633   , 0.03789619728922844
       8,   15,        4,      176,          14.0, 0.059322033898053725  , 0.03619474545121193
       8,   16,        5,      178,           2.0, 0.008474576271150532  , 0.03619485720992088
       8,   17,        0,      179,           1.0, 0.004237288135575266  , 0.036194320768117905
       8,   18,        8,      179,           0.0, 0.0                   , 0.03619510680437088
       8,   19,        4,      179,           0.0, 0.0                   , 0.036194685846567154
       8,   20,        5,      185,           6.0, 0.025423728813451594  , 0.03619477152824402
       8,   21,        0,      218,          33.0, 0.1398305084739838    , 0.03619421645998955
       8,   22,        0,      218,           0.0, 0.0                   , 0.036194149404764175
       8,   23,        9,      218,           0.0, 0.0                   , 0.0361950546503067
       8,   24,        0,      221,           3.0, 0.012711864406725797  , 0.036194078624248505
       8,   25,        2,      236,          15.0, 0.06355932203362899   , 0.036194268614053726
       8,   26,       10,      236,           0.0, 0.0                   , 0.036195192486047745
       9,    0,       11,        0,           0.0, 0.0                   , 0.04575353488326073
       9,    1,        4,        5,           5.0, 0.020161290322499352  , 0.04575354605913162
       9,    2,        5,       15,          10.0, 0.040322580644998704  , 0.0457536019384861
       9,    3,        5,       30,          15.0, 0.06048387096749805   , 0.0457536019384861
       9,    4,        0,       30,           0.0, 0.0                   , 0.04575332999229431
       9,    5,        1,       39,           9.0, 0.03629032258049883   , 0.0457533597946167
       9,    6,        0,       39,           0.0, 0.0                   , 0.045753296464681625
       9,    7,        1,       47,           8.0, 0.03225806451599896   , 0.045753370970487595
       9,    8,        5,      175,         128.0, 0.5161290322559834    , 0.04575362429022789
       9,    9,        1,      189,          14.0, 0.05645161290299818   , 0.045753415673971176
       9,   10,        0,      189,           0.0, 0.0                   , 0.04575332999229431
       9,   11,        4,      189,           0.0, 0.0                   , 0.015476014465093613
       9,   12,        5,      193,           4.0, 0.01612903225799948   , 0.015476034954190254
       9,   13,        0,      194,           1.0, 0.00403225806449987   , 0.015475905500352383
       9,   14,        8,      194,           0.0, 0.0                   , 0.015476137399673462
       9,   15,        4,      194,           0.0, 0.0                   , 0.04574993625283241
       9,   16,        5,      200,           6.0, 0.02419354838699922   , 0.045750416815280914
       9,   17,        0,      228,          28.0, 0.11290322580599636   , 0.04574847221374512
       9,   18,        0,      229,           1.0, 0.00403225806449987   , 0.04574831947684288
       9,   19,        9,      229,           0.0, 0.0                   , 0.045751649886369705
       9,   20,        0,      233,           4.0, 0.01612903225799948   , 0.04574816673994064
       9,   21,        4,      234,           1.0, 0.00403225806449987   , 0.045753296464681625
       9,   22,        5,      235,           1.0, 0.00403225806449987   , 0.04575333744287491
       9,   23,       10,      248,          13.0, 0.052419354838498314  , 0.045753709971904755
      10,    0,       11,        0,           0.0, 0.0                   , 0.03612860292196274
      10,    1,        4,        2,           2.0, 0.009216589861708679  , 0.036128122359514236
      10,    2,        5,        9,           7.0, 0.03225806451598038   , 0.03612817823886871
      10,    3,        5,       10,           1.0, 0.0046082949308543395 , 0.036128196865320206
      10,    4,        1,       18,           8.0, 0.036866359446834716  , 0.036127932369709015
      10,    5,        5,       25,           7.0, 0.03225806451598038   , 0.03612815588712692
      10,    6,        0,       25,           0.0, 0.0                   , 0.036127880215644836
      10,    7,        4,      106,          81.0, 0.37327188939920153   , 0.03665853664278984
      10,    8,        5,      106,           0.0, 0.0                   , 0.03688989579677582
      10,    9,        5,      117,          11.0, 0.05069124423939774   , 0.03691093251109123
      10,   10,        4,      117,           0.0, 0.0                   , 0.03697630390524864
      10,   11,        5,      118,           1.0, 0.0046082949308543395 , 0.037152715027332306
      10,   12,        1,      120,           2.0, 0.009216589861708679  , 0.03610527515411377
      10,   13,        0,      121,           1.0, 0.0046082949308543395 , 0.03595506772398949
      10,   14,        4,      122,           1.0, 0.0046082949308543395 , 0.037368256598711014
      10,   15,        5,      125,           3.0, 0.01382488479256302   , 0.03795270249247551
      10,   16,        4,      125,           0.0, 0.0                   , 0.03612968698143959
      10,   17,        5,      127,           2.0, 0.009216589861708679  , 0.036130014806985855
      10,   18,        0,      128,           1.0, 0.0046082949308543395 , 0.03612808510661125
      10,   19,        8,      128,           0.0, 0.0                   , 0.03613089397549629
      10,   20,        4,      128,           0.0, 0.0                   , 0.036129239946603775
      10,   21,        5,      134,           6.0, 0.02764976958512604   , 0.03612949699163437
      10,   22,        0,      197,          63.0, 0.29032258064382344   , 0.036127690225839615
      10,   23,        0,      198,           1.0, 0.0046082949308543395 , 0.03612746670842171
      10,   24,        9,      198,           0.0, 0.0                   , 0.03613034263253212
      10,   25,        0,      202,           4.0, 0.018433179723417358  , 0.036127377301454544
      10,   26,       10,      217,          15.0, 0.0691244239628151    , 0.03613092750310898
      11,    0,       11,        0,           0.0, 0.0                   , 0.04311113432049751
      11,    1,        4,        4,           4.0, 0.013245033112538924  , 0.04313075169920921
      11,    2,        5,       12,           8.0, 0.02649006622507785   , 0.04313080012798309
      11,    3,        5,       13,           1.0, 0.003311258278134731  , 0.04313083365559578
      11,    4,        1,       25,          12.0, 0.03973509933761677   , 0.0431305356323719
      11,    5,        5,       34,           9.0, 0.02980132450321258   , 0.043130792677402496
      11,    6,        0,       34,           0.0, 0.0                   , 0.043130431324243546
      11,    7,        1,       74,          40.0, 0.13245033112538923   , 0.0431305430829525
      11,    8,        0,       74,           0.0, 0.0                   , 0.043130483478307724
      11,    9,        5,      168,          94.0, 0.3112582781446647    , 0.04313086345791817
      11,   10,        4,      168,           0.0, 0.0                   , 0.014586453326046467
      11,   11,        1,      178,          10.0, 0.03311258278134731   , 0.01458631083369255
      11,   12,        0,      178,           0.0, 0.0                   , 0.014586254023015499
      11,   13,        4,      219,          41.0, 0.13576158940352398   , 0.01458442211151123
      11,   14,        5,      224,           5.0, 0.016556291390673654  , 0.01458449475467205
      11,   15,        4,      224,           0.0, 0.0                   , 0.043127428740262985
      11,   16,        5,      227,           3.0, 0.009933774834404193  , 0.04312759265303612
      11,   17,        0,      228,           1.0, 0.003311258278134731  , 0.04312695562839508
      11,   18,        8,      228,           0.0, 0.0                   , 0.0431278795003891
      11,   19,        4,      228,           0.0, 0.0                   , 0.04312718287110329
      11,   20,        5,      234,           6.0, 0.019867549668808385  , 0.04312729462981224
      11,   21,        0,      282,          48.0, 0.15894039735046708   , 0.04312663525342941
      11,   22,        0,      283,           1.0, 0.003311258278134731  , 0.04312658682465553
      11,   23,        9,      283,           0.0, 0.0                   , 0.04312761500477791
      11,   24,        0,      288,           5.0, 0.016556291390673654  , 0.04312644153833389
      11,   25,       10,      302,          14.0, 0.046357615893886234  , 0.04312768578529358
      12,    0,       11,        0,           0.0, 0.0                   , 0.04486712068319321
      12,    1,        4,       12,          12.0, 0.01889763779524583   , 0.04487653821706772
      12,    2,        5,       22,          10.0, 0.015748031496038192  , 0.04487660154700279
      12,    3,        5,       31,           9.0, 0.014173228346434374  , 0.04487660154700279
      12,    4,        0,       31,           0.0, 0.0                   , 0.044876303523778915
      12,    5,        1,       61,          30.0, 0.04724409448811458   , 0.044876355677843094
      12,    6,        0,       61,           0.0, 0.0                   , 0.04487631097435951
      12,    7,        1,       69,           8.0, 0.012598425196830553  , 0.044876378029584885
      12,    8,        4,      568,         499.0, 0.7858267716523057    , 0.01519861165434122
      12,    9,        5,      569,           1.0, 0.0015748031496038192 , 0.015198644250631332
      12,   10,        5,      579,          10.0, 0.015748031496038192  , 0.01519861351698637
      12,   11,        1,      582,           3.0, 0.004724409448811457  , 0.01519846636801958
      12,   12,        0,      583,           1.0, 0.0015748031496038192 , 0.015198432840406895
      12,   13,        4,      583,           0.0, 0.0                   , 0.012473742477595806
      12,   14,        5,      586,           3.0, 0.004724409448811457  , 0.012842188589274883
      12,   15,        0,      587,           1.0, 0.0015748031496038192 , 0.012021226808428764
      12,   16,        8,      587,           0.0, 0.0                   , 0.013449355028569698
      12,   17,        4,      587,           0.0, 0.0                   , 0.0448341965675354
      12,   18,        5,      593,           6.0, 0.009448818897622915  , 0.0448344424366951
      12,   19,        0,      614,          21.0, 0.03307086614168021   , 0.04483257234096527
      12,   20,        0,      614,           0.0, 0.0                   , 0.0448324978351593
      12,   21,        0,      615,           1.0, 0.0015748031496038192 , 0.04483241215348244
      12,   22,        9,      615,           0.0, 0.0                   , 0.044835470616817474
      12,   23,        0,      619,           4.0, 0.006299212598415277  , 0.044832028448581696
      12,   24,        4,      620,           1.0, 0.0015748031496038192 , 0.04487321153283119
      12,   25,        5,      622,           2.0, 0.0031496062992076384 , 0.04487329721450806
      12,   26,        2,      635,          13.0, 0.02047244094484965   , 0.04487311467528343
      12,   27,       10,      635,           0.0, 0.0                   , 0.04487382993102074
      13,    0,       11,        0,           0.0, 0.0                   , 0.038282278925180435
      13,    1,        4,       10,          10.0, 0.030303030302938478  , 0.03828185051679611
      13,    2,        5,       18,           8.0, 0.02424242424235078   , 0.03828192129731178
      13,    3,        1,       18,           0.0, 0.0                   , 0.038281649351119995
      13,    4,        5,       28,          10.0, 0.030303030302938478  , 0.038281913846731186
      13,    5,        0,       28,           0.0, 0.0                   , 0.038281556218862534
      13,    6,        4,      123,          95.0, 0.28787878787791554   , 0.028401831164956093
      13,    7,        5,      124,           1.0, 0.0030303030302938475 , 0.028627319261431694
      13,    8,        5,      134,          10.0, 0.030303030302938478  , 0.028697486966848373
      13,    9,        1,      218,          84.0, 0.2545454545446832    , 0.02809824049472809
      13,   10,        4,      248,          30.0, 0.09090909090881542   , 0.012984847649931908
      13,   11,        5,      250,           2.0, 0.006060606060587695  , 0.01298484019935131
      13,   12,        4,      258,           8.0, 0.02424242424235078   , 0.03826579824090004
      13,   13,        5,      264,           6.0, 0.018181818181763086  , 0.038266316056251526
      13,   14,        4,      264,           0.0, 0.0                   , 0.03828146681189537
      13,   15,        5,      265,           1.0, 0.0030303030302938475 , 0.03828158602118492
      13,   16,        4,      265,           0.0, 0.0                   , 0.038281284272670746
      13,   17,        5,      267,           2.0, 0.006060606060587695  , 0.03828134015202522
      13,   18,        0,      268,           1.0, 0.0030303030302938475 , 0.038280900567770004
      13,   19,        8,      268,           0.0, 0.0                   , 0.03828154131770134
      13,   20,        4,      268,           0.0, 0.0                   , 0.038281265646219254
      13,   21,        5,      274,           6.0, 0.018181818181763086  , 0.03828130289912224
      13,   22,        0,      306,          32.0, 0.09696969696940312   , 0.03828089311718941
      13,   23,        0,      307,           1.0, 0.0030303030302938475 , 0.038280826061964035
      13,   24,        9,      307,           0.0, 0.0                   , 0.03828151151537895
      13,   25,        0,      310,           3.0, 0.009090909090881543  , 0.03828081116080284
      13,   26,        2,      330,          20.0, 0.060606060605876956  , 0.03828100860118866
      13,   27,       10,      330,           0.0, 0.0                   , 0.03828173875808716
      14,    0,       11,        0,           0.0, 0.0                   , 0.034826479852199554
      14,    1,        4,      114,         114.0, 0.385135135133834     , 0.03482590988278389
      14,    2,        5,      125,          11.0, 0.03716216216203662   , 0.03482595086097717
      14,    3,        5,      133,           8.0, 0.02702702702693572   , 0.03482596203684807
      14,    4,        5,      144,          11.0, 0.03716216216203662   , 0.03482595086097717
      14,    5,        0,      144,           0.0, 0.0                   , 0.034825749695301056
      14,    6,        1,      148,           4.0, 0.01351351351346786   , 0.03482578322291374
      14,    7,        4,      208,          60.0, 0.2027027027020179    , 0.03519377484917641
      14,    8,        5,      209,           1.0, 0.003378378378366965  , 0.035416845232248306
      14,    9,        5,      220,          11.0, 0.03716216216203662   , 0.035437166690826416
      14,   10,        4,      221,           1.0, 0.003378378378366965  , 0.03496482968330383
      14,   11,        5,      221,           0.0, 0.0                   , 0.03500305861234665
      14,   12,        1,      230,           9.0, 0.030405405405302687  , 0.0347735732793808
      14,   13,        0,      230,           0.0, 0.0                   , 0.0347401425242424
      14,   14,        4,      231,           1.0, 0.003378378378366965  , 0.036037933081388474
      14,   15,        5,      235,           4.0, 0.01351351351346786   , 0.03681236505508423
      14,   16,        0,      236,           1.0, 0.003378378378366965  , 0.03484942391514778
      14,   17,        8,      236,           0.0, 0.0                   , 0.03819210082292557
      14,   18,        4,      237,           1.0, 0.003378378378366965  , 0.03482683375477791
      14,   19,        5,      242,           5.0, 0.016891891891834824  , 0.03482703119516373
      14,   20,        0,      275,          33.0, 0.11148648648610984   , 0.03482554480433464
      14,   21,        0,      275,           0.0, 0.0                   , 0.03482547029852867
      14,   22,        0,      276,           1.0, 0.003378378378366965  , 0.03482533618807793
      14,   23,        9,      276,           0.0, 0.0                   , 0.03482774645090103
      14,   24,        0,      281,           5.0, 0.016891891891834824  , 0.03482504561543465
      14,   25,        4,      282,           1.0, 0.003378378378366965  , 0.03482591733336449
      14,   26,        5,      284,           2.0, 0.00675675675673393   , 0.034826017916202545
      14,   27,       10,      296,          12.0, 0.04054054054040358   , 0.03482639044523239
      15,    0,       11,        0,           0.0, 0.0                   , 0.0738840103149414
      15,    1,        4,       18,          18.0, 0.006841505131126248  , 0.07388381659984589
      15,    2,        5,       25,           7.0, 0.002660585328771319  , 0.07388394325971603
      15,    3,        5,       26,           1.0, 0.00038008361839590265, 0.07388397306203842
      15,    4,        1,       31,           5.0, 0.0019004180919795133 , 0.07388337701559067
      15,    5,        5,       38,           7.0, 0.002660585328771319  , 0.07388390600681305
      15,    6,        0,       38,           0.0, 0.0                   , 0.07388325035572052
      15,    7,        0,      164,         126.0, 0.04789053591788374   , 0.07388327270746231
      15,    8,        1,     2572,        2408.0, 0.9152413530973337    , 0.07388344407081604
      15,    9,        4,     2572,           0.0, 0.0                   , 0.024873031303286552
      15,   10,        0,     2572,           0.0, 0.0                   , 0.02487269788980484
      15,   11,        5,     2572,           0.0, 0.0                   , 0.024872949346899986
      15,   12,        5,     2584,          12.0, 0.004561003420750832  , 0.024872910231351852
      15,   13,        4,     2584,           0.0, 0.0                   , 0.02484976314008236
      15,   14,        4,     2585,           1.0, 0.00038008361839590265, 0.024847429245710373
      15,   15,        5,     2593,           8.0, 0.0030406689471672212 , 0.02484755404293537
      15,   16,        0,     2612,          19.0, 0.007221588749522151  , 0.024847237393260002
      15,   17,        9,     2612,           0.0, 0.0                   , 0.024847762659192085
      15,   18,        0,     2616,           4.0, 0.0015203344735836106 , 0.024847187101840973
      15,   19,        2,     2631,          15.0, 0.00570125427593854   , 0.02484733983874321
      15,   20,       10,     2631,           0.0, 0.0                   , 0.02484787255525589
      16,    0,       11,        0,           0.0, 0.0                   , 0.02681485190987587
      16,    1,        4,       16,          16.0, 0.07804878048742415   , 0.07978317141532898
      16,    2,        5,       27,          11.0, 0.05365853658510411   , 0.07978330552577972
      16,    3,        5,       36,           9.0, 0.043902439024176086  , 0.07978328317403793
      16,    4,        0,       36,           0.0, 0.0                   , 0.07978279143571854
      16,    5,        1,       87,          51.0, 0.2487804878036645    , 0.07978290319442749
      16,    6,        0,       87,           0.0, 0.0                   , 0.07978281378746033
      16,    7,        1,      132,          45.0, 0.21951219512088044   , 0.07978290319442749
      16,    8,        0,      132,           0.0, 0.0                   , 0.07978281378746033
      16,    9,        4,      137,           5.0, 0.024390243902320047  , 0.026821423321962357
      16,   10,        5,      138,           1.0, 0.00487804878046401   , 0.026821423321962357
      16,   11,        5,      149,          11.0, 0.05365853658510411   , 0.026821359992027283
      16,   12,        4,      151,           2.0, 0.00975609756092802   , 0.026814496144652367
      16,   13,        5,      160,           9.0, 0.043902439024176086  , 0.026814572513103485
      16,   14,        0,      188,          28.0, 0.13658536585299227   , 0.026814399287104607
      16,   15,        0,      188,           0.0, 0.0                   , 0.026814447715878487
      16,   16,        0,      189,           1.0, 0.00487804878046401   , 0.026814451441168785
      16,   17,        9,      189,           0.0, 0.0                   , 0.026814784854650497
      16,   18,        0,      192,           3.0, 0.01463414634139203   , 0.026814404875040054
      16,   19,       10,      205,          13.0, 0.06341463414603213   , 0.02681482583284378
      17,    0,       11,        0,           0.0, 0.0                   , 0.030898649245500565
      17,    1,        4,       33,          33.0, 0.17460317460225078   , 0.09201323986053467
      17,    2,        5,       43,          10.0, 0.052910052909772964  , 0.09201337397098541
      17,    3,        5,       54,          11.0, 0.058201058200750264  , 0.0920133963227272
      17,    4,        0,       54,           0.0, 0.0                   , 0.09201278537511826
      17,    5,        1,      125,          71.0, 0.37566137565938806   , 0.09201288968324661
      17,    6,        0,      125,           0.0, 0.0                   , 0.09201278537511826
      17,    7,        4,      126,           1.0, 0.005291005290977297  , 0.030903642997145653
      17,    8,        5,      127,           1.0, 0.005291005290977297  , 0.030903777107596397
      17,    9,        5,      139,          12.0, 0.06349206349172756   , 0.030903788283467293
      17,   10,        5,      140,           1.0, 0.005291005290977297  , 0.030903732404112816
      17,   11,        4,      140,           0.0, 0.0                   , 0.030899252742528915
      17,   12,        5,      150,          10.0, 0.052910052909772964  , 0.030899278819561005
      17,   13,        0,      170,          20.0, 0.10582010581954593   , 0.030899040400981903
      17,   14,        0,      171,           1.0, 0.005291005290977297  , 0.030899109318852425
      17,   15,        9,      171,           0.0, 0.0                   , 0.03089970164000988
      17,   16,        0,      175,           4.0, 0.021164021163909186  , 0.030899155884981155
      17,   17,        2,      189,          14.0, 0.07407407407368215   , 0.030899252742528915
      17,   18,       10,      189,           0.0, 0.0                   , 0.03089969977736473
      18,    0,       11,        0,           0.0, 0.0                   , 0.031829141080379486
      18,    1,        4,       12,          12.0, 0.055813953488112494  , 0.09468425810337067
      18,    2,        5,       23,          11.0, 0.051162790697436455  , 0.09468439221382141
      18,    3,        5,       33,          10.0, 0.04651162790676042   , 0.09468439221382141
      18,    4,        0,       33,           0.0, 0.0                   , 0.09468380361795425
      18,    5,        1,      161,         128.0, 0.5953488372065333    , 0.09468389302492142
      18,    6,        0,      161,           0.0, 0.0                   , 0.09468378126621246
      18,    7,        5,      173,          12.0, 0.055813953488112494  , 0.09468436986207962
      18,    8,        5,      175,           2.0, 0.009302325581352083  , 0.09468439221382141
      18,    9,        5,      176,           1.0, 0.0046511627906760415 , 0.09468443691730499
      18,   10,        4,      176,           0.0, 0.0                   , 0.0006249842699617147
      18,   11,        5,      183,           7.0, 0.032558139534732286  , 0.0006249872385524213
      18,   12,        0,      196,          13.0, 0.06046511627878854   , 0.0009972655680030584
      18,   13,        0,      197,           1.0, 0.0046511627906760415 , 0.06230015307664871
      18,   14,        9,      197,           0.0, 0.0                   , 0.0006249696598388255
      18,   15,        0,      201,           4.0, 0.018604651162704166  , 0.0009972607949748635
      18,   16,       10,      215,          14.0, 0.06511627906946457   , 0.0006249568541534245
      19,    0,       11,        0,           0.0, 0.0                   , 0.0003457560669630766
      19,    1,        4,       18,          18.0, 0.10055865921731533   , 0.05019700899720192
      19,    2,        5,       25,           7.0, 0.03910614525117818   , 0.05019710585474968
      19,    3,        1,       26,           1.0, 0.00558659217873974   , 0.05019674822688103
      19,    4,        5,       37,          11.0, 0.06145251396613714   , 0.05019710585474968
      19,    5,        0,       37,           0.0, 0.0                   , 0.05019660294055939
      19,    6,        1,      122,          85.0, 0.4748603351928779    , 0.05019671469926834
      19,    7,        0,      122,           0.0, 0.0                   , 0.050196655094623566
      19,    8,        4,      122,           0.0, 0.0                   , 0.051505669951438904
      19,    9,        5,      123,           1.0, 0.00558659217873974   , 0.051957499235868454
      19,   10,        5,      135,          12.0, 0.06703910614487688   , 0.051840607076883316
      19,   11,        4,      137,           2.0, 0.01117318435747948   , 0.05145382508635521
      19,   12,        5,      144,           7.0, 0.03910614525117818   , 0.052002958953380585
      19,   13,        0,      159,          15.0, 0.0837988826810961    , 0.04960569366812706
      19,   14,        0,      159,           0.0, 0.0                   , 0.04999120533466339
      19,   15,        0,      160,           1.0, 0.00558659217873974   , 0.05031822621822357
      19,   16,        9,      160,           0.0, 0.0                   , 0.055845778435468674
      19,   17,        0,      164,           4.0, 0.02234636871495896   , 0.05034324526786804
      19,   18,        2,      179,          15.0, 0.0837988826810961    , 0.05124069005250931
      19,   19,       10,      179,           0.0, 0.0                   , 0.055968303233385086
      20,    0,       11,        0,           0.0, 0.0                   , 0.0076649608090519905
      20,    1,        4,       20,          20.0, 0.10309278350462324   , 0.05886898934841156
      20,    2,        5,       27,           7.0, 0.03608247422661813   , 0.05886908993124962
      20,    3,        1,       29,           2.0, 0.010309278350462324  , 0.05886869505047798
      20,    4,        5,       35,           6.0, 0.030927835051386972  , 0.05886908993124962
      20,    5,        0,       35,           0.0, 0.0                   , 0.05886855348944664
      20,    6,        5,       81,          46.0, 0.23711340206063344   , 0.05886906012892723
      20,    7,        1,       92,          11.0, 0.05670103092754278   , 0.05886868014931679
      20,    8,        1,      111,          19.0, 0.09793814432939207   , 0.058868736028671265
      20,    9,        1,      113,           2.0, 0.010309278350462324  , 0.05886872485280037
      20,   10,        4,      130,          17.0, 0.08762886597892976   , 0.019820423796772957
      20,   11,        0,      131,           1.0, 0.005154639175231162  , 0.019820254296064377
      20,   12,        5,      131,           0.0, 0.0                   , 0.019820403307676315
      20,   13,        5,      142,          11.0, 0.05670103092754278   , 0.019820423796772957
      20,   14,        5,      144,           2.0, 0.010309278350462324  , 0.019820472225546837
      20,   15,        5,      145,           1.0, 0.005154639175231162  , 0.01982051320374012
      20,   16,        4,      145,           0.0, 0.0                   , 0.019803136587142944
      20,   17,        5,      156,          11.0, 0.05670103092754278   , 0.019803134724497795
      20,   18,        0,      168,          12.0, 0.061855670102773944  , 0.01980302482843399
      20,   19,        0,      168,           0.0, 0.0                   , 0.019803045317530632
      20,   20,        9,      168,           0.0, 0.0                   , 0.01980326510965824
      20,   21,        0,      169,           1.0, 0.005154639175231162  , 0.019803080707788467
      20,   22,        0,      172,           3.0, 0.015463917525693486  , 0.019803041592240334
      20,   23,        4,      175,           3.0, 0.015463917525693486  , 0.058885231614112854
      20,   24,        5,      178,           3.0, 0.015463917525693486  , 0.05888524278998375
      20,   25,       10,      194,          16.0, 0.08247422680369859   , 0.058885566890239716
      21,    0,       11,        0,           0.0, 0.0                   , 0.03287293389439583
      21,    1,        4,       26,          26.0, 0.11111111111063628   , 0.03287266939878464
      21,    2,        5,       37,          11.0, 0.04700854700834612   , 0.03287271410226822
      21,    3,        5,       38,           1.0, 0.004273504273486011  , 0.03287271410226822
      21,    4,        1,       40,           2.0, 0.008547008546972022  , 0.03287257254123688
      21,    5,        5,       52,          12.0, 0.05128205128183213   , 0.03287270665168762
      21,    6,        0,       52,           0.0, 0.0                   , 0.032872527837753296
      21,    7,        1,      125,          73.0, 0.3119658119644788    , 0.032872557640075684
      21,    8,        1,      126,           1.0, 0.004273504273486011  , 0.03287259116768837
      21,    9,        1,      133,           7.0, 0.029914529914402077  , 0.03287257254123688
      21,   10,        1,      135,           2.0, 0.008547008546972022  , 0.03287259116768837
      21,   11,        1,      137,           2.0, 0.008547008546972022  , 0.032872557640075684
      21,   12,        1,      139,           2.0, 0.008547008546972022  , 0.032872557640075684
      21,   13,        1,      141,           2.0, 0.008547008546972022  , 0.03287256509065628
      21,   14,        1,      155,          14.0, 0.059829059828804154  , 0.032872606068849564
      21,   15,        1,      157,           2.0, 0.008547008546972022  , 0.032872628420591354
      21,   16,        4,      172,          15.0, 0.06410256410229016   , 0.033971529453992844
      21,   17,        5,      173,           1.0, 0.004273504273486011  , 0.034126076847314835
      21,   18,        0,      177,           4.0, 0.017094017093944043  , 0.033173803240060806
      21,   19,        5,      183,           6.0, 0.025641025640916065  , 0.0340145081281662
      21,   20,        5,      184,           1.0, 0.004273504273486011  , 0.0339825376868248
      21,   21,        4,      185,           1.0, 0.004273504273486011  , 0.034487251192331314
      21,   22,        5,      195,          10.0, 0.04273504273486011   , 0.03435667231678963
      21,   23,        0,      210,          15.0, 0.06410256410229016   , 0.02170065976679325
      21,   24,        0,      210,           0.0, 0.0                   , 0.021700697019696236
      21,   25,        0,      211,           1.0, 0.004273504273486011  , 0.021700741723179817
      21,   26,        9,      211,           0.0, 0.0                   , 0.03634855896234512
      21,   27,        0,      214,           3.0, 0.012820512820458032  , 0.021700851619243622
      21,   28,        4,      217,           3.0, 0.012820512820458032  , 0.032872747629880905
      21,   29,        5,      219,           2.0, 0.008547008546972022  , 0.032872799783945084
      21,   30,       10,      234,          15.0, 0.06410256410229016   , 0.03287297859787941
      22,    0,       11,        0,           0.0, 0.0                   , 0.05351759493350983
      22,    1,        4,       24,          24.0, 0.13043478260798677   , 0.053517162799835205
      22,    2,        5,       35,          11.0, 0.05978260869532727   , 0.05351720005273819
      22,    3,        1,       36,           1.0, 0.005434782608666116  , 0.05351701006293297
      22,    4,        5,       44,           8.0, 0.043478260869328926  , 0.053517211228609085
      22,    5,        0,       44,           0.0, 0.0                   , 0.05351690575480461
      22,    6,        1,      124,          80.0, 0.4347826086932893    , 0.05351695418357849
      22,    7,        0,      124,           0.0, 0.0                   , 0.0535169318318367
      22,    8,        5,      134,          10.0, 0.05434782608666116   , 0.053517263382673264
      22,    9,        5,      135,           1.0, 0.005434782608666116  , 0.053517237305641174
      22,   10,        4,      136,           1.0, 0.005434782608666116  , 0.05409342423081398
      22,   11,        5,      143,           7.0, 0.03804347826066281   , 0.05448171868920326
      22,   12,        0,      160,          17.0, 0.09239130434732397   , 0.051619820296764374
      22,   13,        0,      160,           0.0, 0.0                   , 0.051849737763404846
      22,   14,        9,      160,           0.0, 0.0                   , 0.05824898183345795
      22,   15,        0,      169,           9.0, 0.04891304347799504   , 0.0526447594165802
      22,   16,        2,      184,          15.0, 0.08152173912999174   , 0.05405166745185852
      22,   17,       10,      184,           0.0, 0.0                   , 0.059500642120838165
      23,    0,       11,        0,           0.0, 0.0                   , 0.014245213940739632
      23,    1,        4,       21,          21.0, 0.08300395256884188   , 0.06941590458154678
      23,    2,        5,       28,           7.0, 0.027667984189613963  , 0.06941605359315872
      23,    3,        5,       29,           1.0, 0.003952569169944852  , 0.06941608339548111
      23,    4,        1,       31,           2.0, 0.007905138339889704  , 0.06941553950309753
      23,    5,        5,       40,           9.0, 0.03557312252950366   , 0.06941601634025574
      23,    6,        0,       40,           0.0, 0.0                   , 0.06941540539264679
      23,    7,        5,       51,          11.0, 0.04347826086939337   , 0.06941605359315872
      23,    8,        4,      189,         138.0, 0.5454545454523896    , 0.023380350321531296
      23,    9,        0,      189,           0.0, 0.0                   , 0.023380178958177567
      23,   10,        5,      189,           0.0, 0.0                   , 0.02338036336004734
      23,   11,        5,      203,          14.0, 0.055335968379227926  , 0.023380309343338013
      23,   12,        4,      205,           2.0, 0.007905138339889704  , 0.02336828038096428
      23,   13,        5,      215,          10.0, 0.039525691699448515  , 0.023368336260318756
      23,   14,        0,      235,          20.0, 0.07905138339889703   , 0.023368224501609802
      23,   15,        0,      235,           0.0, 0.0                   , 0.023368263617157936
      23,   16,        0,      236,           1.0, 0.003952569169944852  , 0.023368272930383682
      23,   17,        9,      236,           0.0, 0.0                   , 0.023368513211607933
      23,   18,        0,      239,           3.0, 0.011857707509834555  , 0.02336823008954525
      23,   19,        4,      239,           0.0, 0.0                   , 0.06942582130432129
      23,   20,        5,      241,           2.0, 0.007905138339889704  , 0.06942588090896606
      23,   21,       10,      253,          12.0, 0.04743083003933822   , 0.06942629814147949
      24,    0,       11,        0,           0.0, 0.0                   , 0.07570521533489227
      24,    1,        4,       16,          16.0, 0.07729468598996476   , 0.07570458203554153
      24,    2,        5,       26,          10.0, 0.048309178743727976  , 0.07570469379425049
      24,    3,        5,       37,          11.0, 0.05314009661810078   , 0.07570470869541168
      24,    4,        0,       37,           0.0, 0.0                   , 0.07570423930883408
      24,    5,        5,       45,           8.0, 0.03864734299498238   , 0.0757046714425087
      24,    6,        1,      149,         104.0, 0.502415458934771     , 0.07570429146289825
      24,    7,        0,      149,           0.0, 0.0                   , 0.07570423930883408
      24,    8,        5,      162,          13.0, 0.06280193236684638   , 0.07570470869541168
      24,    9,        5,      163,           1.0, 0.004830917874372798  , 0.07570473104715347
      24,   10,        4,      164,           1.0, 0.004830917874372798  , 0.02550666406750679
      24,   11,        5,      171,           7.0, 0.03381642512060958   , 0.025506656616926193
      24,   12,        0,      187,          16.0, 0.07729468598996476   , 0.02550639770925045
      24,   13,        0,      187,           0.0, 0.0                   , 0.025506440550088882
      24,   14,        0,      188,           1.0, 0.004830917874372798  , 0.025506507605314255
      24,   15,        9,      188,           0.0, 0.0                   , 0.025506947189569473
      24,   16,        0,      193,           5.0, 0.024154589371863988  , 0.025506535544991493
      24,   17,       10,      207,          14.0, 0.06763285024121916   , 0.02550698257982731
      25,    0,       11,        0,           0.0, 0.0                   , 0.02155829221010208
      25,    1,        4,       21,          21.0, 0.0817120622564914    , 0.06406101584434509
      25,    2,        5,       28,           7.0, 0.027237354085497132  , 0.06406115740537643
      25,    3,        1,       30,           2.0, 0.007782101167284895  , 0.06406069546937943
      25,    4,        5,       39,           9.0, 0.03501945525278203   , 0.06406114250421524
      25,    5,        0,       39,           0.0, 0.0                   , 0.06406054645776749
      25,    6,        0,      169,         130.0, 0.5058365758735182    , 0.06406053155660629
      25,    7,        5,      181,          12.0, 0.04669260700370937   , 0.06406115740537643
      25,    8,        5,      206,          25.0, 0.09727626459106119   , 0.06406121701002121
      25,    9,        4,      206,           0.0, 0.0                   , 0.024934321641921997
      25,   10,        5,      216,          10.0, 0.038910505836424476  , 0.021584294736385345
      25,   11,        0,      239,          23.0, 0.0894941634237763    , 0.04212866351008415
      25,   12,        0,      239,           0.0, 0.0                   , 0.04213126376271248
      25,   13,        0,      240,           1.0, 0.0038910505836424474 , 0.042133066803216934
      25,   14,        9,      240,           0.0, 0.0                   , 0.02584937773644924
      25,   15,        0,      243,           3.0, 0.011673151750927343  , 0.04213019087910652
      25,   16,        4,      243,           0.0, 0.0                   , 0.06406257301568985
      25,   17,        5,      244,           1.0, 0.0038910505836424474 , 0.06406264007091522
      25,   18,       10,      257,          13.0, 0.05058365758735182   , 0.06406304985284805
      26,    0,       11,        0,           0.0, 0.0                   , 0.056866541504859924
      26,    1,        4,       22,          22.0, 0.10679611650433594   , 0.05686604976654053
      26,    2,        5,       32,          10.0, 0.048543689320152704  , 0.05686609074473381
      26,    3,        5,       43,          11.0, 0.05339805825216797   , 0.056866105645895004
      26,    4,        0,       43,           0.0, 0.0                   , 0.05686578154563904
      26,    5,        1,      144,         101.0, 0.4902912621335423    , 0.05686579644680023
      26,    6,        0,      145,           1.0, 0.00485436893201527   , 0.056865740567445755
      26,    7,        5,      156,          11.0, 0.05339805825216797   , 0.056866105645895004
      26,    8,        5,      157,           1.0, 0.00485436893201527   , 0.0568661168217659
      26,    9,        4,      158,           1.0, 0.00485436893201527   , 0.05714378505945206
      26,   10,        5,      165,           7.0, 0.03398058252410689   , 0.05766391009092331
      26,   11,        0,      186,          21.0, 0.10194174757232068   , 0.05435986816883087
      26,   12,        0,      186,           0.0, 0.0                   , 0.054322220385074615
      26,   13,        0,      187,           1.0, 0.00485436893201527   , 0.05456769838929176
      26,   14,        9,      187,           0.0, 0.0                   , 0.06145026907324791
      26,   15,        0,      192,           5.0, 0.024271844660076352  , 0.0554434172809124
      26,   16,       10,      206,          14.0, 0.06796116504821378   , 0.06297563761472702
      27,    0,       11,        0,           0.0, 0.0                   , 0.04505882412195206
      27,    1,        4,       32,          32.0, 0.0999999999996875    , 0.04006907343864441
      27,    2,        5,       40,           8.0, 0.024999999999921876  , 0.040069159120321274
      27,    3,        1,       42,           2.0, 0.006249999999980469  , 0.04006888344883919
      27,    4,        5,       51,           9.0, 0.02812499999991211   , 0.040069159120321274
      27,    5,        0,       51,           0.0, 0.0                   , 0.040068816393613815
      27,    6,        5,       73,          22.0, 0.06874999999978516   , 0.04006914049386978
      27,    7,        1,      182,         109.0, 0.3406249999989356    , 0.04006888344883919
      27,    8,        1,      189,           7.0, 0.02187499999993164   , 0.04006890207529068
      27,    9,        1,      190,           1.0, 0.0031249999999902345 , 0.040068913251161575
      27,   10,        4,      214,          24.0, 0.07499999999976563   , 0.041376493871212006
      27,   11,        5,      215,           1.0, 0.0031249999999902345 , 0.0415719673037529
      27,   12,        5,      229,          14.0, 0.04374999999986328   , 0.0415542870759964
      27,   13,        0,      235,           6.0, 0.018749999999941407  , 0.040242478251457214
      27,   14,        4,      236,           1.0, 0.0031249999999902345 , 0.04232863709330559
      27,   15,        5,      247,          11.0, 0.03437499999989258   , 0.04247458279132843
      27,   16,        0,      291,          44.0, 0.13749999999957033   , 0.03999720513820648
      27,   17,        0,      291,           0.0, 0.0                   , 0.0398562029004097
      27,   18,        0,      292,           1.0, 0.0031249999999902345 , 0.040142692625522614
      27,   19,        9,      292,           0.0, 0.0                   , 0.0440145768225193
      27,   20,        0,      297,           5.0, 0.015624999999951173  , 0.04005660116672516
      27,   21,        4,      299,           2.0, 0.006249999999980469  , 0.040069036185741425
      27,   22,        5,      302,           3.0, 0.009374999999970704  , 0.04006905481219292
      27,   23,       10,      320,          18.0, 0.05624999999982422   , 0.04006926715373993
      28,    0,       11,        0,           0.0, 0.0                   , 0.07983186841011047
      28,    1,        4,       54,          54.0, 0.2249999999990625    , 0.07983118295669556
      28,    2,        5,       65,          11.0, 0.045833333333142365  , 0.07983129471540451
      28,    3,        5,       66,           1.0, 0.0041666666666493055 , 0.07983129471540451
      28,    4,        1,       68,           2.0, 0.008333333333298611  , 0.07983093708753586
      28,    5,        5,       80,          12.0, 0.04999999999979167   , 0.07983129471540451
      28,    6,        0,       80,           0.0, 0.0                   , 0.07983080297708511
      28,    7,        1,      173,          93.0, 0.3874999999983854    , 0.07983095198869705
      28,    8,        0,      174,           1.0, 0.0041666666666493055 , 0.07983087748289108
      28,    9,        5,      186,          12.0, 0.04999999999979167   , 0.07983129471540451
      28,   10,        4,      187,           1.0, 0.0041666666666493055 , 0.000525168317835778
      28,   11,        5,      194,           7.0, 0.02916666666654514   , 0.0005251708207651973
      28,   12,        0,      219,          25.0, 0.10416666666623264   , 0.052420202642679214
      28,   13,        0,      219,           0.0, 0.0                   , 0.05242035165429115
      28,   14,        0,      220,           1.0, 0.0041666666666493055 , 0.052420370280742645
      28,   15,        9,      220,           0.0, 0.0                   , 0.0005251533002592623
      28,   16,        0,      226,           6.0, 0.024999999999895835  , 0.0008365142857655883
      28,   17,        2,      240,          14.0, 0.05833333333309028   , 0.0008365155663341284
      28,   18,       10,      240,           0.0, 0.0                   , 0.0005251553375273943
      29,    0,       11,        0,           0.0, 0.0                   , 0.04527246952056885
      29,    1,        4,       25,          25.0, 0.09765624999961854   , 0.04031004384160042
      29,    2,        5,       32,           7.0, 0.02734374999989319   , 0.040310122072696686
      29,    3,        1,       34,           2.0, 0.007812499999969483  , 0.040309831500053406
      29,    4,        5,       45,          11.0, 0.042968749999832155  , 0.040310122072696686
      29,    5,        0,       45,           0.0, 0.0                   , 0.040309734642505646
      29,    6,        1,      117,          72.0, 0.2812499999989014    , 0.04030980169773102
      29,    7,        4,      117,           0.0, 0.0                   , 0.040873732417821884
      29,    8,        5,      117,           0.0, 0.0                   , 0.04137935861945152
      29,    9,        1,      119,           2.0, 0.007812499999969483  , 0.039987336844205856
      29,   10,        1,      120,           1.0, 0.0039062499999847414 , 0.03991205245256424
      29,   11,        1,      121,           1.0, 0.0039062499999847414 , 0.03980208933353424
      29,   12,        1,      123,           2.0, 0.007812499999969483  , 0.039782989770174026
      29,   13,        5,      131,           8.0, 0.03124999999987793   , 0.041381221264600754
      29,   14,        0,      158,          27.0, 0.10546874999958802   , 0.03983769938349724
      29,   15,        4,      184,          26.0, 0.10156249999960328   , 0.04197455570101738
      29,   16,        5,      193,           9.0, 0.03515624999986267   , 0.04260830581188202
      29,   17,        0,      232,          39.0, 0.15234374999940492   , 0.040009755641222
      29,   18,        0,      233,           1.0, 0.0039062499999847414 , 0.03986995667219162
      29,   19,        9,      233,           0.0, 0.0                   , 0.0442398376762867
      29,   20,        0,      237,           4.0, 0.015624999999938965  , 0.039683256298303604
      29,   21,        4,      238,           1.0, 0.0039062499999847414 , 0.040310055017471313
      29,   22,        5,      240,           2.0, 0.007812499999969483  , 0.0403100922703743
      29,   23,       10,      256,          16.0, 0.06249999999975586   , 0.0403103306889534
      30,    0,       11,        0,           0.0, 0.0                   , 0.07361863553524017
      30,    1,        4,       34,          34.0, 0.16915422885487985   , 0.07361798733472824
      30,    2,        5,       43,           9.0, 0.04477611940276231   , 0.0736180916428566
      30,    3,        5,       52,           9.0, 0.04477611940276231   , 0.0736180767416954
      30,    4,        0,       52,           0.0, 0.0                   , 0.07361756265163422
      30,    5,        1,       57,           5.0, 0.024875621890423506  , 0.07361766695976257
      30,    6,        5,       75,          18.0, 0.08955223880552463   , 0.07361805438995361
      30,    7,        0,      132,          57.0, 0.283582089550828     , 0.07361756265163422
      30,    8,        5,      146,          14.0, 0.06965174129318581   , 0.07361810654401779
      30,    9,        4,      147,           1.0, 0.004975124378084701  , 0.0007844612118788064
      30,   10,        5,      156,           9.0, 0.04477611940276231   , 0.00078446080442518
      30,   11,        0,      182,          26.0, 0.12935323383020222   , 0.0007844589417800307
      30,   12,        0,      182,           0.0, 0.0                   , 0.0007844604551792145
      30,   13,        0,      183,           1.0, 0.004975124378084701  , 0.0007844619685783982
      30,   14,        9,      183,           0.0, 0.0                   , 0.000494247826281935
      30,   15,        0,      186,           3.0, 0.014925373134254103  , 0.0007844592910259962
      30,   16,        4,      186,           0.0, 0.0                   , 0.07361802458763123
      30,   17,        5,      187,           1.0, 0.004975124378084701  , 0.07361812889575958
      30,   18,        2,      201,          14.0, 0.06965174129318581   , 0.07361777871847153
      30,   19,       10,      201,           0.0, 0.0                   , 0.073618583381176
      31,    0,       11,        0,           0.0, 0.0                   , 0.07385742664337158
      31,    1,        4,       40,          40.0, 0.1652892561976641    , 0.07385656237602234
      31,    2,        5,       48,           8.0, 0.03305785123953282   , 0.07385670393705368
      31,    3,        5,       60,          12.0, 0.04958677685929923   , 0.07385668903589249
      31,    4,        0,       60,           0.0, 0.0                   , 0.0738561600446701
      31,    5,        1,      179,         119.0, 0.4917355371880507    , 0.07385624945163727
      31,    6,        0,      179,           0.0, 0.0                   , 0.07385612279176712
      31,    7,        0,      180,           1.0, 0.004132231404941603  , 0.07385613769292831
      31,    8,        5,      191,          11.0, 0.04545454545435763   , 0.07385671883821487
      31,    9,        5,      193,           2.0, 0.008264462809883206  , 0.07385675609111786
      31,   10,        4,      193,           0.0, 0.0                   , 0.024871427565813065
      31,   11,        5,      200,           7.0, 0.02892561983459122   , 0.02487141452729702
      31,   12,        0,      219,          19.0, 0.07851239669389044   , 0.024871138855814934
      31,   13,        0,      219,           0.0, 0.0                   , 0.024871164932847023
      31,   14,        0,      220,           1.0, 0.004132231404941603  , 0.02487124130129814
      31,   15,        9,      220,           0.0, 0.0                   , 0.02487175352871418
      31,   16,        0,      227,           7.0, 0.02892561983459122   , 0.024871287867426872
      31,   17,        2,      242,          15.0, 0.06198347107412404   , 0.02487136982381344
      31,   18,       10,      242,           0.0, 0.0                   , 0.02487174980342388
      32,    0,       11,        0,           0.0, 0.0                   , 0.024889370426535606
      32,    1,        4,       22,          22.0, 0.07801418439688648   , 0.07386653125286102
      32,    2,        5,       30,           8.0, 0.028368794326140537  , 0.07386663556098938
      32,    3,        1,       32,           2.0, 0.007092198581535134  , 0.07386621832847595
      32,    4,        5,       42,          10.0, 0.035460992907675674  , 0.07386663556098938
      32,    5,        0,       42,           0.0, 0.0                   , 0.07386600226163864
      32,    6,        1,      218,         176.0, 0.6241134751750919    , 0.07386614382266998
      32,    7,        0,      218,           0.0, 0.0                   , 0.07386603951454163
      32,    8,        5,      231,          13.0, 0.046099290779978375  , 0.07386667281389236
      32,    9,        4,      232,           1.0, 0.003546099290767567  , 0.038741931319236755
      32,   10,        5,      239,           7.0, 0.02482269503537297   , 0.03896560147404671
      32,   11,        0,      262,          23.0, 0.08156028368765404   , 0.04865735396742821
      32,   12,        0,      262,           0.0, 0.0                   , 0.04865741357207298
      32,   13,        0,      263,           1.0, 0.003546099290767567  , 0.04865746945142746
      32,   14,        9,      263,           0.0, 0.0                   , 0.041962672024965286
      32,   15,        0,      267,           4.0, 0.014184397163070269  , 0.0371428020298481
      32,   16,       10,      282,          15.0, 0.05319148936151351   , 0.04287049174308777
      33,    0,       11,        0,           0.0, 0.0                   , 0.03646741807460785
      33,    1,        4,       24,          24.0, 0.026966292134801163  , 0.08867186307907104
      33,    2,        5,       32,           8.0, 0.008988764044933721  , 0.08867203444242477
      33,    3,        1,       34,           2.0, 0.0022471910112334304 , 0.08867144584655762
      33,    4,        5,       43,           9.0, 0.010112359550550436  , 0.08867201209068298
      33,    5,        0,       43,           0.0, 0.0                   , 0.0886712297797203
      33,    6,        5,       49,           6.0, 0.006741573033700291  , 0.08867203444242477
      33,    7,        4,      780,         731.0, 0.8213483146058187    , 0.029791761189699173
      33,    8,        1,      780,           0.0, 0.0                   , 0.02979162521660328
      33,    9,        0,      780,           0.0, 0.0                   , 0.029791561886668205
      33,   10,        5,      780,           0.0, 0.0                   , 0.029791859909892082
      33,   11,        5,      793,          13.0, 0.014606741573017296  , 0.029791774228215218
      33,   12,        4,      795,           2.0, 0.0022471910112334304 , 0.029787590727210045
      33,   13,        5,      802,           7.0, 0.007865168539317005  , 0.029787728562951088
      33,   14,        0,      870,          68.0, 0.07640449438193662   , 0.02978745475411415
      33,   15,        0,      871,           1.0, 0.0011235955056167152 , 0.029787514358758926
      33,   16,        9,      871,           0.0, 0.0                   , 0.029788145795464516
      33,   17,        0,      875,           4.0, 0.004494382022466861  , 0.02978748269379139
      33,   18,        2,      890,          15.0, 0.016853932584250726  , 0.029787614941596985
      33,   19,       10,      890,           0.0, 0.0                   , 0.0297881830483675
      34,    0,       11,        0,           0.0, 0.0                   , 0.03421015664935112
      34,    1,        4,       37,          37.0, 0.04457831325295834   , 0.10110031813383102
      34,    2,        5,       44,           7.0, 0.008433734939748876  , 0.10110053420066833
      34,    3,        1,       46,           2.0, 0.002409638554213964  , 0.10109986364841461
      34,    4,        5,       55,           9.0, 0.01084337349396284   , 0.10110048949718475
      34,    5,        0,       55,           0.0, 0.0                   , 0.10109961777925491
      34,    6,        5,       65,          10.0, 0.012048192771069822  , 0.10110048949718475
      34,    7,        1,      773,         708.0, 0.8530120481917434    , 0.10109983384609222
      34,    8,        0,      773,           0.0, 0.0                   , 0.10109969228506088
      34,    9,        5,      786,          13.0, 0.01566265060239077   , 0.1011006087064743
      34,   10,        4,      788,           2.0, 0.002409638554213964  , 0.00042077249963767827
      34,   11,        5,      795,           7.0, 0.008433734939748876  , 0.0004207716847304255
      34,   12,        0,      811,          16.0, 0.019277108433711714  , 0.00042076726094819605
      34,   13,        0,      811,           0.0, 0.0                   , 0.0004207676975056529
      34,   14,        0,      812,           1.0, 0.001204819277106982  , 0.00042076848330907524
      34,   15,        9,      812,           0.0, 0.0                   , 0.000420774711528793
      34,   16,        0,      815,           3.0, 0.0036144578313209463 , 0.000420769298216328
      34,   17,       10,      830,          15.0, 0.01807228915660473   , 0.0004207757010590285
